"BINS";"Spectrum";"fit_undefined";"fit_undefined"
0;0
1;0
2;0
3;0
4;0
5;0
6;1
7;0
8;4
9;10
10;34
11;87
12;190
13;334
14;634
15;937
16;1412
17;1872
18;2115
19;2546
20;2487
21;2616
22;2608
23;2662
24;2644
25;2717
26;2929
27;2930
28;3061
29;3341
30;3498
31;3678
32;3879
33;3780
34;3970
35;4041
36;3969
37;4193
38;4281
39;4686
40;4935
41;5590
42;6069
43;6835
44;7966
45;9350
46;11073
47;12351
48;13769
49;14289
50;14440
51;13936
52;13151
53;11991
54;11187
55;10285
56;9560
57;8660
58;7853
59;6991
60;6231
61;5479
62;4889
63;4371
64;4041
65;3805
66;3614
67;3443
68;3337
69;3249
70;3352
71;3373
72;3433
73;3505
74;3693
75;3647
76;3524
77;3323
78;3422
79;3166
80;3022
81;2932;3,062107761785005e-23
81,108;;4,0909068356812793e-23
81,216;;5,461572125972539e-23
81,324;;7,28642875458476e-23
81,432;;9,714282691265479e-23
81,54;;1,294212879905325e-22
81,648;;1,723057073101985e-22
81,756;;2,292411473894478e-22
81,864;;3,0477858569556324e-22
81,972;;4,049256524218132e-22
82;2776
82,08;;5,376072255502757e-22
82,188;;7,13269853512028e-22
82,296;;9,456743420051196e-22
82,404;;1,2529343281736994e-21
82,512;;1,6588761984969572e-21
82,62;;2,1948184833635772e-21
82,72800000000001;;2,901898427300065e-21
82,836;;3,834111784125336e-21
82,944;;5,062281593392373e-21
83;2718
83,052;;6,679236072971578e-21
83,16;;8,806559080113978e-21
83,268;;1,160338434007533e-20
83,376;;1,5277843875174207e-20
83,48400000000001;;2,010196085383488e-20
83,592;;2,6431009054892463e-20
83,7;;3,4728660230844093e-20
83,808;;4,559962597986736e-20
83,916;;5,983199679049572e-20
84;2722
84,024;;7,845211904095419e-20
84,132;;1,0279567098177612e-19
84,24000000000001;;1,3459965228956696e-19
84,348;;1,761213539907561e-19
84,456;;2,302921097603945e-19
84,56400000000001;;3,0091585202863215e-19
84,672;;3,9292534226220154e-19
84,78;;5,127125863902593e-19
84,888;;6,685546025272195e-19
84,99600000000001;;8,71161657057165e-19
85;2597
85,104;;1,1343826799150122e-18
85,212;;1,476112258504927e-18
85,32000000000001;;1,9194559599865436e-18
85,428;;2,4942264628693702e-18
85,536;;3,2388630012481676e-18
85,644;;4,202892089709672e-18
85,75200000000001;;5,45007985850555e-18
85,86;;7,062467423571389e-18
85,968;;9,145532861388451e-18
86;2661
86,07600000000001;;1,1834789475414624e-17
86,184;;1,5304213808050545e-17
86,292;;1,9777002900588398e-17
86,4;;2,5539294457073636e-17
86,50800000000001;;3,295765314478889e-17
86,616;;4,250134045330082e-17
86,724;;5,477065586471142e-17
86,83200000000001;;7,053297801323982e-17
86,94;;9,076856413731052e-17
87;2602
87,048;;1,167287071128225e-16
87,156;;1,50009530042907e-16
87,26400000000001;;1,9264555418328666e-16
87,372;;2,4722825112563474e-16
87,48;;3,170561398181573e-16
87,58800000000001;;4,0632468195602603e-16
87,69600000000001;;5,2036635120435915e-16
87,804;;6,659539092653e-16
87,912;;8,516832475946171e-16
88;2548
88,02000000000001;;1,0884563124212039e-15
88,128;;1,3900898272608981e-15
88,236;;1,7740820152272833e-15
88,34400000000001;;2,2625776178538382e-15
88,45200000000001;;2,8835815976925518e-15
88,56;;3,6724844811274685e-15
88,668;;4,6739779423023e-15
88,77600000000001;;5,944458686075104e-15
88,88400000000001;;7,55504286774256e-15
88,992;;9,595343312857941e-15
89;2492
89,10000000000001;;1,2178199055976035e-14
89,20800000000001;;1,544559290738866e-14
89,316;;1,957604997983558e-14
89,424;;2,4793880942505497e-14
89,53200000000001;;3,1380721386850854e-14
89,64000000000001;;3,968992697873542e-14
89,748;;5,0164517806780813e-14
89,85600000000001;;6,335953036676634e-14
89,96400000000001;;7,996983910950516e-14
90;2460
90,072;;1,0086476018921888e-13
90,18;;1,2713105869624354e-13
90,28800000000001;;1,601263603311583e-13
90,39600000000002;;2,0154543515322554e-13
90,504;;2,535023941978912e-13
90,61200000000001;;3,1863254314715384e-13
90,72000000000001;;4,0021849975823807e-13
90,828;;5,023462385734291e-13
90,936;;6,300980202880091e-13
91;2384
91,04400000000001;;7,897907459510787e-13
91,15200000000002;;9,89270210903546e-13
91,26;;1,2382740963867853e-12
91,36800000000001;;1,5488794205999731e-12
91,47600000000001;;1,936053687623607e-12
91,584;;2,4183332574896803e-12
91,69200000000001;;3,0186576774112988e-12
91,80000000000001;;3,765395060364903e-12
91,90800000000002;;4,6936013111881906e-12
92;2286
92,016;;5,846565369393167e-12
92,12400000000001;;7,277704007953895e-12
92,23200000000001;;9,052883514687707e-12
92,34;;1,1253262287964943e-11
92,44800000000001;;1,3978768602502638e-11
92,55600000000001;;1,735235226540152e-11
92,66400000000002;;2,1525178452530306e-11
92,772;;2,6682967727393953e-11
92,88000000000001;;3,305372933957343e-11
92,98800000000001;;4,091718686178943e-11
93;2280
93,096;;5,061625782710006e-11
93,20400000000001;;6,257102438822606e-11
93,31200000000001;;7,729572266551813e-11
93,42000000000002;;9,541938738947239e-11
93,528;;1,1771091926332128e-10
93,63600000000001;;1,451094994370834e-10
93,74400000000001;;1,787614636677926e-10
93,852;;2,200649741646932e-10
93,96000000000001;;2,7072409693062297e-10
94;2187
94,06800000000001;;3,3281421508617575e-10
94,17600000000002;;4,0886109424003173e-10
94,284;;5,019363763283849e-10
94,39200000000001;;6,157728275374306e-10
94,50000000000001;;7,549033205432992e-10
94,608;;9,248283109449199e-10
94,71600000000001;;1,1322174955310119e-9
94,82400000000001;;1,3851524431348382e-9
94,93200000000002;;1,693418299334218e-9
95;2221
95,04000000000002;;2,0688542218386076e-9
95,14800000000001;;2,5257740483543292e-9
95,25600000000001;;3,0814708850231993e-9
95,36400000000002;;3,756821892167539e-9
95,47200000000001;;4,577012606500188e-9
95,58000000000001;;5,5724037588292314e-9
95,68800000000002;;6,779567821451365e-9
95,79600000000002;;8,24252756423042e-9
95,90400000000001;;1,0014234846293482e-8
96;2235
96,01200000000001;;1,215833487705851e-8
96,12000000000002;;1,475126942738223e-8
96,22800000000001;;1,7884782170235538e-8
96,33600000000001;;2,1668900726180167e-8
96,44400000000002;;2,623548336755635e-8
96,55200000000002;;3,174243402814074e-8
96,66000000000001;;3,837870765654563e-8
96,76800000000001;;4,637024948722013e-8
96,87600000000002;;5,598703699821577e-8
96,98400000000001;;6,755142277620169e-8
97;2231
97,09200000000001;;8,144801090547015e-8
97,20000000000002;;9,813533963406713e-8
97,30800000000002;;1,1815968986358482e-7
97,41600000000001;;1,4217139351581684e-7
97,52400000000002;;1,7094407926491254e-7
97,63200000000002;;2,053973668853022e-7
97,74000000000001;;2,4662360715853273e-7
97,84800000000001;;2,9591936374769375e-7
97,95600000000002;;3,5482244879723433e-7
98;2133
98,06400000000002;;4,2515545766537393e-7
98,17200000000001;;5,090769029109968e-7
98,28000000000002;;6,091412265957716e-7
98,38800000000002;;7,28369176731868e-7
98,49600000000001;;8,703302724184563e-7
98,60400000000001;;0,0000010392393575507547
98,71200000000002;;0,0000012400695602852251
98,82000000000002;;0,0000014786843407630529
98,92800000000001;;0,0000017619917298134578
99;2172
99,03600000000002;;0,0000020981243442840848
99,14400000000002;;0,0000024966493191227696
99,25200000000001;;0,000002968812932374544
99,36000000000001;;0,00000352782542817879
99,46800000000002;;0,0000041891923774380975
99,57600000000002;;0,000004971099870502354
99,68400000000001;;0,0000058948619272226415
99,79200000000002;;0,000006985439755368433
99,90000000000002;;0,000008272043909236261
100;2167
100,00800000000001;;0,000009788832019402856
100,11600000000001;;0,00001157571660789733
100,22400000000002;;0,000013679299599609297
100,33200000000002;;0,000016153952522995923
100,44000000000003;;0,00001906306409740329
100,54800000000002;;0,000022480479971107504
100,65600000000002;;0,00002649216284869649
100,76400000000001;;0,00003119810517898712
100,87200000000001;;0,00003671453102126886
100,98000000000002;;0,000043176428730475385
101;2127
101,08800000000002;;0,00005074046176987585
101,19600000000003;;0,00005958831134949594
101,30400000000002;;0,0000699305117842779
101,41200000000002;;0,00008201084756143233
101,52000000000001;;0,00009611139020465213
101,62800000000001;;0,00011255826323749632
101,73600000000002;;0,00013172823500439394
101,84400000000002;;0,0001540562519427948
101,95200000000003;;0,00018004403926484767
102;2153
102,06000000000002;;0,00021026991206688674
102,16800000000002;;0,0002453999578207264
102,27600000000001;;0,00028620077120993594
102,38400000000001;;0,000333553944572181
102,49200000000002;;0,0003884725420301983
102,60000000000002;;0,0004521198129939267
102,70800000000003;;0,0005258304313717589
102,81600000000002;;0,0006111345808397973
102,92400000000002;;0,0007097852442088803
103;2171
103,03200000000001;;0,0008237890966504739
103,14000000000001;;0,0009554414486719634
103,24800000000002;;0,0011073657356755347
103,35600000000002;;0,0012825581071291424
103,46400000000003;;0,0014844377302899647
103,57200000000002;;0,001716903491550228
103,68000000000002;;0,0019843978533550647
103,78800000000003;;0,0022919787068397756
103,89600000000002;;0,0026454001504518996
104;2150
104,00400000000002;;0,0030512032234999062
104,11200000000002;;0,003516817731480227
104,22000000000003;;0,004050676417886874
104,32800000000002;;0,0046623428657518
104,43600000000002;;0,005362654652178923
104,54400000000003;;0,006163883431439816
104,65200000000002;;0,007079913787641407
104,76000000000002;;0,008126442877439145
104,86800000000002;;0,0093212030776608
104,97600000000003;;0,010684210062962553
105;2290
105,08400000000002;;0,012238038965717447
105,19200000000002;;0,014008131515211306
105,30000000000003;;0,01602313731687673
105,40800000000002;;0,018315292715729087
105,51600000000002;;0,020920840992361845
105,62400000000002;;0,023880497965799115
105,73200000000003;;0,027239967426147798
105,84000000000002;;0,03105051119226953
105,94800000000002;;0,03536957898649724
106;2326
106,05600000000003;;0,04026150374057657
106,16400000000002;;0,04579826839529182
106,27200000000002;;0,05206035073131052
106,38000000000002;;0,05913765327121821
106,48800000000003;;0,0671305258229874
106,59600000000002;;0,0761508887935047
106,70400000000002;;0,08632346598745198
106,81200000000003;;0,09778713622170904
106,92000000000002;;0,11069641372829786
107;2469
107,02800000000002;;0,12522306798918176
107,13600000000002;;0,14155789434320942
107,24400000000003;;0,15991264742808967
107,35200000000003;;0,180522150267059
107,46000000000002;;0,20364659257912995
107,56800000000003;;0,22957403268128557
107,67600000000002;;0,2586231181581291
107,78400000000002;;0,291146041296253
107,89200000000002;;0,32753174611334973
108;2533
108,00000000000003;;0,3682094046518028
108,10800000000003;;0,4136521810484266
108,21600000000002;;0,4643813027309323
108,32400000000003;;0,5209704589216246
108,43200000000002;;0,5840505474431776
108,54000000000002;;0,6543147916127944
108,64800000000002;;0,7325242497716197
108,75600000000003;;0,8195137407169992
108,86400000000003;;0,9161982089767456
108,97200000000002;;1,023579554476268
109;2662
109,08000000000003;;1,1427539516903746
109,18800000000002;;1,274919683829501
109,29600000000002;;1,4213855179724142
109,40400000000002;;1,5835796473103445
109,51200000000003;;1,7630592267965643
109,62000000000003;;1,9615205284855801
109,72800000000002;;2,1808097426812507
109,83600000000003;;2,4229344506765855
109,94400000000002;;2,6900757943428144
110;2901
110,05200000000002;;2,9846013670930036
110,16000000000003;;3,30907884978841
110,26800000000003;;3,666290413954508
110,37600000000003;;4,0592479132095844
110,48400000000002;;4,491208882062303
110,59200000000003;;4,965693359186803
110,70000000000003;;5,486501549915091
110,80800000000002;;6,057732339978142
110,91600000000003;;6,6838026694604755
111;2862
111,02400000000003;;7,36946777249005
111,13200000000003;;8,119842284350037
111,24000000000002;;8,940422213453692
111,34800000000003;;9,837107770955614
111,45600000000003;;10,816227045667478
111,56400000000002;;11,88456050639368
111,67200000000003;;13,049366307792512
111,78000000000003;;14,318406369395479
111,88800000000003;;15,699973190476213
111,99600000000002;;17,202917356051834
112;2851
112,10400000000003;;18,836675681423642
112,21200000000003;;20,61129993432847
112,32000000000002;;22,53748606498673
112,42800000000003;;24,626603865109974
112,53600000000003;;26,890726967291567
112,64400000000003;;29,342663086170074
112,75200000000002;;31,99598439235408
112,86000000000003;;34,86505789936609
112,96800000000003;;37,96507573283705
113;2823
113,07600000000002;;41,31208513991154
113,18400000000003;;44,9230180853532
113,29200000000003;;48,81572026922955
113,40000000000003;;53,00897938937077
113,50800000000004;;57,522552460100485
113,61600000000003;;62,377191987110315
113,72400000000003;;67,5946707868727
113,83200000000002;;73,19780522774481
113,94000000000003;;79,21047665900305
114;2872
114,04800000000003;;85,65765078356695
114,15600000000003;;92,56539472021765
114,26400000000004;;99,96089149180794
114,37200000000003;;107,87245166740497
114,48000000000003;;116,32952187862325
114,58800000000002;;125,36268992371484
114,69600000000003;;135,00368616740522
114,80400000000003;;145,2853809401294
114,91200000000003;;156,2417776373473
115;2885
115,02000000000004;;167,90800121814286
115,12800000000003;;180,32028180243944
115,23600000000003;;193,51593306804614
115,34400000000002;;207,53332515247493
115,45200000000003;;222,41185177017863
115,56000000000003;;238,1918912636457
115,66800000000003;;254,91476131676396
115,77600000000004;;272,62266707112013
115,88400000000003;;291,3586424005207
115,99200000000003;;311,1664841160832
116;2928
116,10000000000002;;332,0906788938098
116,20800000000003;;354,17632273866474
116,31600000000003;;377,4690328238794
116,42400000000004;;402,0148515715082
116,53200000000004;;427,8601428701544
116,64000000000003;;455,0514803582767
116,74800000000003;;483,6355277365118
116,85600000000002;;513,6589111099663
116,96400000000003;;545,1680834013467
117;3137
117,07200000000003;;578,209180918028
117,18000000000004;;612,8278722005484
117,28800000000004;;649,0691993264592
117,39600000000003;;686,9774118917156
117,50400000000003;;726,5957939417609
117,61200000000002;;767,9664841758004
117,72000000000003;;811,1302898003432
117,82800000000003;;856,1264944615772
117,93600000000004;;902,9926607402616
118;3482
118,04400000000004;;951,7644277472759
118,15200000000003;;1002,4753044124167
118,26000000000003;;1055,1564591131043
118,36800000000002;;1109,8365063430595
118,47600000000003;;1166,5412911732562
118,58400000000003;;1225,293672308249
118,69200000000004;;1286,1133045898478
118,80000000000004;;1349,0164218466755
118,90800000000004;;1414,015621032002
119;4101
119,01600000000003;;1481,1196486329338
119,12400000000002;;1550,3331903711846
119,23200000000003;;1621,6566652488239
119,34000000000003;;1695,0860250211717
119,44800000000004;;1770,6125602030488
119,55600000000004;;1848,2227137334346
119,66400000000004;;1927,8979034369695
119,77200000000003;;2009,6143544282486
119,88000000000004;;2093,342942606209
119,98800000000003;;2179,0490503808596
120;4578
120,09600000000003;;2266,692435762839
120,20400000000004;;2356,2271159276515
120,31200000000004;;2447,601266340707
120,42000000000004;;2540,7571364964265
120,52800000000003;;2635,6309832844645
120,63600000000004;;2732,15302294864
120,74400000000003;;2830,247402549393
120,85200000000003;;2929,832191778585
120,96000000000004;;3030,819395906357
121;5513
121,06800000000004;;3133,1149905637226
121,17600000000004;;3236,61897898188
121,28400000000003;;3341,2254722200423
121,39200000000004;;3446,8227928184306
121,50000000000003;;3553,2936022121744
121,60800000000003;;3660,515052135767
121,71600000000004;;3768,358960136937
121,82400000000004;;3876,692009203766
121,93200000000004;;3985,375971390379
122;6582
122,04000000000003;;4094,267955205009
122,14800000000004;;4203,220676400504
122,25600000000003;;4312,082751682111
122,36400000000003;;4420,69901472126
122,47200000000004;;4528,910853738056
122,58000000000004;;4636,556569789875
122,68800000000005;;4743,471754779798
122,79600000000003;;4849,48968807734
122,90400000000004;;4954,441750525911
123;7365
123,01200000000003;;5058,157854497496
123,12000000000003;;5160,466888545981
123,22800000000004;;5261,19717510709
123,33600000000004;;5360,176939596058
123,44400000000005;;5457,234789164321
123,55200000000004;;5552,200199294733
123,66000000000004;;5644,90400634157
123,76800000000003;;5735,178904057533
123,87600000000003;;5822,859942095744
123,98400000000004;;5907,785024430752
124;8336
124,09200000000004;;5989,795405609404
124,20000000000005;;6068,73618272037
124,30800000000004;;6144,456780960465
124,41600000000004;;6216,811430677036
124,52400000000003;;6285,659633778572
124,63200000000003;;6350,8666174305445
124,74000000000004;;6412,303772990238
124,84800000000004;;6469,849078182966
124,95600000000005;;6523,387500582278
125;8938
125,06400000000004;;6572,811380528492
125,17200000000004;;6618,020791702605
125,28000000000003;;6658,923877666091
125,38800000000003;;6695,437162780645
125,49600000000004;;6727,485836035156
125,60400000000004;;6755,004006429354
125,71200000000005;;6777,934928693961
125,82000000000005;;6796,231198265131
125,92800000000004;;6809,854914575512
126;9239
126,03600000000003;;6818,777811874662
126,14400000000003;;6822,981356946789
126,25200000000004;;6822,45681325298
126,36000000000004;;6817,205271187212
126,46800000000005;;6807,237644299458
126,57600000000005;;6792,574631504235
126,68400000000004;;6773,246645457729
126,79200000000004;;6749,2937074504025
126,90000000000003;;6720,765309323515
127;9196
127,00800000000004;;6687,720243076389
127,11600000000004;;6650,226398985513
127,22400000000005;;6608,360533205746
127,33200000000005;;6562,208005967048
127,44000000000004;;6511,862491616494
127,54800000000004;;6457,4256618839745
127,65600000000003;;6399,00684387022
127,76400000000004;;6336,722654366886
127,87200000000004;;6270,696612219845
127,98000000000005;;6201,058730537903
128;8807
128,08800000000005;;6127,945090629494
128,19600000000003;;6051,497399619091
128,30400000000003;;5971,862533752745
128,41200000000003;;5889,192069448178
128,52000000000004;;5803,641804178953
128,62800000000004;;5715,371269304455
128,73600000000005;;5624,543236967693
128,84400000000005;;5531,323223181397
128,95200000000006;;5435,878989209726
129;8031
129,06000000000006;;5338,380043328316
129,16800000000003;;5238,997145009802
129,27600000000004;;5137,901813535676
129,38400000000004;;5035,265842978886
129,49200000000005;;4931,260825435422
129,60000000000005;;4826,057684307994
129,70800000000003;;4719,8262193612
129,81600000000003;;4612,734665176228
129,92400000000004;;4504,94926453466
130;6925
130,03200000000004;;4396,633858156243
130,14000000000004;;4287,949492105257
130,24800000000005;;4179,054044065173
130,35600000000005;;4070,1018695624934
130,46400000000006;;3961,2434690988084
130,57200000000006;;3852,6251770259473
130,68000000000004;;3744,3888728736383
130,78800000000004;;3636,671715712927
130,89600000000004;;3529,6059020126504
131;5888
131,00400000000005;;3423,318447321302
131,11200000000005;;3317,9309919832813
131,22000000000003;;3213,5596309776843
131,32800000000003;;3110,314767849903
131,43600000000004;;3008,300992592262
131,54400000000004;;2907,6169832200558
131,65200000000004;;2808,355430684404
131,76000000000005;;2710,6029866636686
131,86800000000005;;2614,440233681303
131,97600000000006;;2519,941676910252
132;5010
132,08400000000006;;2427,175756942765
132,19200000000004;;2336,2048827299777
132,30000000000004;;2247,085483828069
132,40800000000004;;2159,868081027397
132,51600000000005;;2074,5973743878776
132,62400000000005;;1991,312347657984
132,73200000000006;;1910,0463880161972
132,84000000000003;;1830,827420042471
132,94800000000004;;1753,6780528031015
133;4012
133,05600000000004;;1678,615738915336
133,16400000000004;;1605,6529444477715
133,27200000000005;;1534,7973285090038
133,38000000000005;;1466,051931379715
133,48800000000006;;1399,4153700522522
133,59600000000006;;1334,8820400563498
133,70400000000006;;1272,4423224696943
133,81200000000004;;1212,08279503715
133,92000000000004;;1153,7864463522315
134;3219
134,02800000000005;;1097,5328920885268
134,13600000000005;;1043,2985923067072
134,24400000000006;;991,0570689042153
134,35200000000003;;940,7791223191981
134,46000000000004;;892,4330466473691
134,56800000000004;;845,9848423798238
134,67600000000004;;801,3984260209705
134,78400000000005;;758,6358358982874
134,89200000000005;;717,6574335291832
135;2675
136;2326
137;2030
138;1853
139;1819
140;1727
141;1718
142;1735
143;1710
144;1723
145;1622
146;1497
147;1519;;4,997314319680659e-8
147,07;;;5,70851494820451e-8
147,14;;;6,518466412839123e-8
147,21;;;7,440524223109063e-8
147,28;;;8,4897998354813e-8
147,35;;;9,683384578994477e-8
147,42;;;1,1040601202717756e-7
147,49;;;1,2583286329848776e-7
147,56;;;1,433610747829468e-7
147,63;;;1,6326918723499224e-7
147,7;;;1,8587159540316653e-7
147,77;;;2,115230187151771e-7
147,84;;;2,406235103613896e-7
147,91;;;2,736240671691162e-7
147,98;;;3,110329095853868e-7
148;1411
148,05;;;3,5342250874303624e-7
148,12;;;4,014374460468671e-7
148,19;;;4,5580320006322043e-7
148,26;;;5,173359658146592e-7
148,33;;;5,869536229668594e-7
148,4;;;6,656879819509946e-7
148,47;;;7,546984509052026e-7
148,54;;;8,552872815665236e-7
148,61;;;9,689165690342909e-7
148,68;;;0,0000010972271988037056
148,75;;;0,0000012420599547932685
148,82;;;0,0000014054790244346114
148,89000000000001;;;0,0000015897981614462292
148,96;;;0,0000017976097938768892
149;1388
149,03;;;0,0000020318173946021946
149,1;;;0,000002295671463927291
149,17000000000002;;;0,00000259280950955126
149,24;;;0,000002927300448164138
149,31;;;0,0000033036938956807754
149,38;;;0,0000037270748598954987
149,45;;;0,0000042031244005230226
149,52;;;0,000004738186877557488
149,59;;;0,000005339344470047916
149,66;;;0,0000060144997141990775
149,73;;;0,000006772466882643934
149,8;;;0,000007623073106314208
149,87;;;0,000008577270227115872
149,94;;;0,000009647258464193916
150;1402
150,01;;;0,000010846623079590861
150,08;;;0,000012190485341251628
150,15;;;0,000013695669203347944
150,22;;;0,00001538088525657695
150,29;;;0,000017266933645282587
150,36;;;0,000019376927804862438
150,43;;;0,000021736541042925654
150,5;;;0,00002437427817209926
150,57;;;0,000027321774602346398
150,64000000000001;;;0,000030614125517339044
150,71;;;0,00003429024799407899
150,78;;;0,00003839327917892729
150,85;;;0,00004297101390789007
150,92000000000002;;;0,00004807638545596349
150,99;;;0,00005376799342112475
151;1336
151,06;;;0,00006011068309491604
151,13;;;0,00006717618104528229
151,20000000000002;;;0,00007504379204029844
151,27;;;0,00008380116287571162
151,34;;;0,00009354511913692168
151,41;;;0,00010438258142940028
151,48000000000002;;;0,00011643156815299982
151,55;;;0,00012982229247758033
151,62;;;0,00014469836180256874
151,69;;;0,00016121808865418984
151,76;;;0,00017955592269407333
151,83;;;0,0001999040142848279
151,9;;;0,00022247392088508056
151,97;;;0,0002474984684318468
152;1369
152,04;;;0,0002752337808152738
152,11;;;0,0003059614915635393
152,18;;;0,00033999115293762377
152,25;;;0,0003776628587908639
152,32;;;0,00041935009878058704
152,39000000000001;;;0,00046546286283304284
152,46;;;0,0005164510161625609
152,53;;;0,0005728079666359381
152,6;;;0,0006350746478581737
152,67000000000002;;;0,0007038438430404447
152,74;;;0,0007797648765008152
152,81;;;0,0008635487015473632
152,88;;;0,0009559734155075356
152,95000000000002;;;0,0010578902348017376
153;1278
153,02;;;0,0011702299652187396
153,09;;;0,0012940100049410816
153,16;;;0,001430341920395238
153,23000000000002;;;0,0015804396376701258
153,3;;;0,0017456282950633368
153,37;;;0,0019273538052834414
153,44;;;0,0021271931789639234
153,51000000000002;;;0,002346865664435606
153,58;;;0,0025882447621646478
153,65;;;0,0028533711758983935
153,72;;;0,0031444667663760753
153,79000000000002;;;0,0034639495774604783
153,86;;;0,003814450008735694
153,93;;;0,0041988282129985875
154;1291;;0,004620192801652154
154,07;;;0,005081920945791521
154,14000000000001;;;0,005587679965760953
154,21;;;0,006141450507155892
154,28;;;0,006747551406650482
154,35;;;0,007410666356649432
154,42000000000002;;;0,00813587248359516
154,49;;;0,00892867096080662
154,56;;;0,009795019782985739
154,63;;;0,010741368835998044
154,70000000000002;;;0,011774697402215435
154,77;;;0,01290255424859615
154,84;;;0,014133100451766622
154,91;;;0,015475155121654958
154,98000000000002;;;0,01693824419270187
155;1228
155,05;;;0,018532652459328874
155,12;;;0,020269479040171387
155,19;;;0,022160696463569975
155,26000000000002;;;0,024219213574942854
155,33;;;0,026458942474927576
155,4;;;0,02889486970555289
155,47;;;0,03154313191017364
155,54000000000002;;;0,03442109620144398
155,61;;;0,03754744548019628
155,68;;;0,04094226895670979
155,75;;;0,04462715813446383
155,82;;;0,04862530852504387
155,89000000000001;;;0,05296162737137602
155,96;;;0,05766284766486093
156;1263
156,03;;;0,06275764875023425
156,10000000000002;;;0,06827678382004163
156,17000000000002;;;0,07425321460844948
156,24;;;0,08072225360166095
156,31;;;0,08772171408941884
156,38;;;0,09529206838890639
156,45000000000002;;;0,10347661457872989
156,52;;;0,11232165208654193
156,59;;;0,12187666647915368
156,66;;;0,13219452380863725
156,73000000000002;;;0,14333167487186332
156,8;;;0,1553483697440585
156,87;;;0,16830888294925136
156,94;;;0,18228174963181226
157;1196
157,01000000000002;;;0,1973400130935758
157,08;;;0,2135614840602224
157,15;;;0,2310290120385429
157,22;;;0,2498307691228735
157,29000000000002;;;0,2700605466042307
157,36;;;0,29181806472942756
157,43;;;0,3152092959495908
157,5;;;0,34034680198794215
157,57000000000002;;;0,3673500850453283
157,64000000000001;;;0,3963459534486923
157,71;;;0,4274689020323713
157,78;;;0,4608615075246514
157,85000000000002;;;0,49667483919231814
157,92000000000002;;;0,5350688849739323
157,99;;;0,5762129933080368
158;1188
158,06;;;0,6202863308354815
158,13;;;0,6674783561253351
158,20000000000002;;;0,7179893095413541
158,27;;;0,7720307193306823
158,34;;;0,8298259239781021
158,41000000000003;;;0,8916106108278631
158,48000000000002;;;0,9576333709305853
158,55;;;1,0281562700250766
158,62;;;1,1034554355138795
158,69;;;1,1838216592370765
158,76000000000002;;;1,2695610157910868
158,83;;;1,3609954960780186
158,9;;;1,4584636557064128
158,97;;;1,5623212777960356
159;1156
159,04000000000002;;;1,672942049667534
159,11;;;1,790718252822574
159,18;;;1,9160614655411103
159,25;;;2,049403277340246
159,32000000000002;;;2,191196014453169
159,39000000000001;;;2,341913475397602
159,46;;;2,5020516756105318
159,53;;;2,6721296000302286
159,60000000000002;;;2,85268996240771
159,67000000000002;;;3,0442999700278452
159,74;;;3,24755209241548
159,81;;;3,4630648324947226
159,88000000000002;;;3,691483498559437
159,95000000000002;;;3,9334809753010087
160;1097
160,02;;;4,189758492025189
160,09;;;4,46104638607401
160,16000000000003;;;4,748104859351353
160,23000000000002;;;5,05172472573238
160,3;;;5,372728147017633
160,37;;;5,711969354973098
160,44;;;6,070335356877628
160,51000000000002;;;6,44874662187997
160,58;;;6,8481577453489875
160,65;;;7,269558088283615
160,72000000000003;;;7,713972388733487
160,79000000000002;;;8,182461342068407
160,86;;;8,676122146824127
160,93;;;9,196089012745519
161;1105;;9,743533627545013
161,07000000000002;;;10,319665578796249
161,14000000000001;;;10,925732727289477
161,21;;;11,563021528088523
161,28;;;12,232857295448113
161,35000000000002;;;12,936604407677043
161,42000000000002;;;13,675666447967016
161,49;;;14,451486277150067
161,56;;;15,265546034299362
161,63000000000002;;;16,11936706105071
161,70000000000002;;;17,014509745494568
161,77;;;17,95257328147268
161,84;;;18,935195339109672
161,91000000000003;;;19,96405164241874
161,98000000000002;;;21,04085544984309
162;1216
162,05;;;22,167356933631194
162,12;;;23,34534245399502
162,19000000000003;;;24,576633724066976
162,26000000000002;;;25,863086861753956
162,33;;;27,206591324685505
162,4;;;28,6090687245697
162,47000000000003;;;30,07247151740331
162,54000000000002;;;31,598781566135248
162,61;;;33,19000857255155
162,68;;;34,8481883753396
162,75;;;36,575381111496775
162,82000000000002;;;38,37366923847645
162,89000000000001;;;40,24515541471029
162,96;;;42,19196023641327
163;1232
163,03000000000003;;;44,216219828863004
163,10000000000002;;;46,32008329065071
163,17000000000002;;;48,50570998972785
163,24;;;50,7752667104151
163,31;;;53,13092465090592
163,38000000000002;;;55,57485627117816
163,45000000000002;;;58,10923199162947
163,52;;;60,7362167431694
163,59;;;63,45796636993788
163,66000000000003;;;66,27662388627186
163,73000000000002;;;69,19431559000964
163,8;;;72,2131470347042
163,87;;;75,33519886381504
163,94000000000003;;;78,56252251045379
164;1331
164,01000000000002;;;81,89713576678238
164,08;;;85,34101822768937
164,15;;;88,89610661391133
164,22000000000003;;;92,56428998031053
164,29000000000002;;;96,34740481557252
164,36;;;100,24723004014133
164,43;;;104,26548190976891
164,5;;;108,40380883261142
164,57000000000002;;;112,66378610836212
164,64000000000001;;;117,04691059846215
164,71;;;121,55459533697697
164,78000000000003;;;126,18816409226532
164,85000000000002;;;130,94884589009573
164,92000000000002;;;135,83776950938173
164,99;;;140,85595796220923
165;1494
165,06;;;146,0043229703138
165,13000000000002;;;151,28365945063211
165,20000000000002;;;156,6946400229949
165,27;;;162,23780955345077
165,34000000000003;;;167,91357974710343
165,41000000000003;;;173,7222238047107
165,48000000000002;;;179,66387115762973
165,55;;;185,73850229599378
165,62;;;191,9459437052737
165,69000000000003;;;198,28586292660611
165,76000000000002;;;204,75776375646055
165,83;;;211,36098160136729
165,9;;;218,09467900353067
165,97000000000003;;;224,95784135321594
166;1456
166,04000000000002;;;231,94927280380765
166,11;;;239,06759240540583
166,18;;;246,3112304727382
166,25000000000003;;;253,67842520303245
166,32000000000002;;;261,1672195593045
166,39000000000001;;;268,77545843427515
166,46;;;276,5007861098345
166,53000000000003;;;284,34064402662193
166,60000000000002;;;292,29226887788417
166,67000000000002;;;300,3526910413151
166,74;;;308,518733362063
166,81;;;316,78701029952276
166,88000000000002;;;325,1539274499033
166,95000000000002;;;333,61568145588336
167;1652
167,02;;;342,1682603139332
167,09000000000003;;;350,8074440890992
167,16000000000003;;;359,52880604621015
167,23000000000002;;;368,32771420558197
167,3;;;377,19933333036363
167,37;;;386,1386273516928
167,44000000000003;;;395,1403622368066
167,51000000000002;;;404,19910930419525
167,58;;;413,30924898878334
167,65000000000003;;;422,4649750589938
167,72000000000003;;;431,66029928637954
167,79000000000002;;;440,88905656731566
167,86;;;450,1449104950226
167,93;;;459,4213593789497
168;1710
168,00000000000003;;;468,71174270728727
168,07000000000002;;;478,0092480471038
168,14000000000001;;;487,3069183753172
168,21;;;496,59765983242085
168,28000000000003;;;505,8742498895971
168,35000000000002;;;515,1293459185559
168,42000000000002;;;524,355494152163
168,49;;;533,5451390226464
168,56000000000003;;;542,6906328629248
168,63000000000002;;;551,7842459553653
168,70000000000002;;;560,818176911074
168,77;;;569,7845633616511
168,84000000000003;;;578,6754929441983
168,91000000000003;;;587,4830145592699
168,98000000000002;;;596,1991498803993
169;1908
169,05;;;604,8159050928274
169,12;;;613,3252828381017
169,19000000000003;;;621,7192943403157
169,26000000000002;;;629,9899716889232
169,33;;;638,1293802522795
169,40000000000003;;;646,1296311953648
169,47000000000003;;;653,9828940745015
169,54000000000002;;;661,6814094813196
169,61;;;669,2175017077401
169,68;;;676,5835914033388
169,75000000000003;;;683,7722081961361
169,82000000000002;;;690,7760032476158
169,89000000000001;;;697,5877617126242
169,96000000000004;;;704,2004150747421
170;1945
170,03000000000003;;;710,6070533277356
170,10000000000002;;;716,8009369738201
170,17000000000002;;;722,7755088096599
170,24;;;728,5244054713344
170,31000000000003;;;734,0414687098747
170,38000000000002;;;739,3207563694564
170,45000000000002;;;744,3565530408895
170,52;;;749,1433803637045
170,59000000000003;;;753,6760069508607
170,66000000000003;;;757,94945791093
170,73000000000002;;;761,9590239435065
170,8;;;765,700269984576
170,87000000000003;;;769,1690433796358
170,94000000000003;;;772,3614815634861
171;1946
171,01000000000002;;;775,2740192268158
171,08;;;777,9033949509719
171,15000000000003;;;780,2466572936316
171,22000000000003;;;782,3011703094788
171,29000000000002;;;784,0646184914361
171,36;;;785,5350111194813
171,43;;;786,7106860056186
171,50000000000003;;;787,5903126251409
171,57000000000002;;;788,1728946259273
171,64000000000001;;;788,4577717091499
171,71000000000004;;;788,4446208764228
171,78000000000003;;;788,1334570400921
171,85000000000002;;;787,5246329950578
171,92000000000002;;;786,6188387521971
171,99;;;785,4171002351558
172;1963
172,06000000000003;;;783,920777343951
172,13000000000002;;;782,1315613905033
172,20000000000002;;;780,0514719128654
172,27;;;777,6828528765495
172,34000000000003;;;775,0283682729548
172,41000000000003;;;772,0909971264631
172,48000000000002;;;768,8740279233049
172,55;;;765,3810524767769
172,62000000000003;;;761,6159592448308
172,69000000000003;;;757,5829261174358
172,76000000000002;;;753,2864126924402
172,83;;;748,7311520599148
172,90000000000003;;;743,9221421161654
172,97000000000003;;;738,8646364297131
173;1983
173,04000000000002;;;733,5641346826048
173,11;;;728,0263727113806
173,18000000000004;;;722,2573121729259
173,25000000000003;;;716,2631298612446
173,32000000000002;;;710,0502067019212
173,39000000000001;;;703,6251164516792
173,46000000000004;;;696,9946141309991
173,53000000000003;;;690,1656242182254
173,60000000000002;;;683,1452286339668
173,67000000000002;;;675,9406545448828
173,74;;;668,5592620161422
173,81000000000003;;;661,0085315419457
173,88000000000002;;;653,2960514835271
173,95000000000002;;;645,4295054439631
174;1899
174,02000000000004;;;637,4166596089772
174,09000000000003;;;629,2653500826644
174,16000000000003;;;620,9834702467413
174,23000000000002;;;612,5789581715153
174,3;;;604,0597841062691
174,37000000000003;;;595,4339380761951
174,44000000000003;;;586,7094176123697
174,51000000000002;;;577,8942156405442
174,58;;;568,9963085537495
174,65000000000003;;;560,0236444928667
174,72000000000003;;;550,9841318584135
174,79000000000002;;;541,8856280758333
174,86;;;532,7359286355614
174,93000000000004;;;523,5427564280858
175;1886
175,00000000000003;;;514,313751393111
175,07000000000002;;;505,0564605007954
175,14000000000001;;;495,7783280818503
175,21000000000004;;;486,4866865220863
175,28000000000003;;;477,1887473357547
175,35000000000002;;;467,89159263078295
175,42000000000002;;;458,6021669777279
175,49000000000004;;;449,327269692994
175,56000000000003;;;440,0735475455718
175,63000000000002;;;430,8474878952623
175,70000000000002;;;421,65541226906197
175,77000000000004;;;412,50347038110186
175,84000000000003;;;403,39763460025927
175,91000000000003;;;394,34369486830343
175,98000000000002;;;385,3472540701936
176;1680
176,05;;;376,4137238569343
176,12000000000003;;;367,5483209201934
176,19000000000003;;;358,75606371673234
176,26000000000002;;;350,0417696395601
176,33000000000004;;;341,4100526316316
176,40000000000003;;;332,8653212368507
176,47000000000003;;;324,41177708212473
176,54000000000002;;;316,0534137832394
176,61;;;307,7940162664016
176,68000000000004;;;299,6371604964123
176,75000000000003;;;291,58621360160276
176,82000000000002;;;283,6443343848911
176,89000000000001;;;275,81447420958074
176,96000000000004;;;268,0993782478557
177;1591
177,03000000000003;;;260,5015870793022
177,10000000000002;;;253,0234386262222
177,17000000000002;;;245,66707041199354
177,24000000000004;;;238,43442212827566
177,31000000000003;;;231,32723849645933
177,38000000000002;;;224,3470724084144
177,45000000000002;;;217,49528833129807
177,52000000000004;;;210,77306596094994
177,59000000000003;;;204,18140410821545
177,66000000000003;;;197,7211248024098
177,73000000000002;;;191,39287759605125
177,8;;;185,19714405496487
177,87000000000003;;;179,13424241787249
177,94000000000003;;;173,20433240965082
178;1395
178,01000000000002;;;167,40742019254824
178,08000000000004;;;161,74336343980247
178,15000000000003;;;156,21187651629646
178,22000000000003;;;150,8125357511208
178,29000000000002;;;145,5447847871827
178,36;;;140,40793999330617
178,43000000000004;;;135,40119592460468
178,50000000000003;;;130,5236308172788
178,57000000000002;;;125,77421210438467
178,64000000000004;;;121,15180193954474
178,71000000000004;;;116,65516271601633
178,78000000000003;;;112,28296256900276
178,85000000000002;;;108,03378084957714
178,92000000000002;;;103,90611355909218
178,99000000000004;;;99,89837873346801
179;1247
179,06000000000003;;;96,00892176727736
179,13000000000002;;;92,23602066808942
179,20000000000005;;;88,57789123207802
179,27000000000004;;;85,03269213245518
179,34000000000003;;;81,59852991284507
179,41000000000003;;;78,27346387827154
179,48000000000002;;;75,05551087699105
179,55;;;71,94264996695526
179,62000000000003;;;68,93282696124125
179,69000000000003;;;66,02395884733022
179,76000000000002;;;63,21393807565561
179,83000000000004;;;60,50063671336912
179,90000000000003;;;57,88191045979367
179,97000000000003;;;55,355602520539094
180;1144
180,04000000000002;;;52,91954733775187
180,11;;;50,57157417445103
180,18000000000004;;;48,30951055136959
180,25000000000003;;;46,13118553517069
180,32000000000002;;;44,034432877342894
180,39000000000004;;;42,01709400349547
180,46000000000004;;;40,07702085317432
180,53000000000003;;;38,21207857069971
180,60000000000002;;;36,42014804788926
180,67000000000002;;;34,6991283198729
180,74000000000004;;;33,04693881552958
180,81000000000003;;;31,461521464379942
180,88000000000002;;;29,940842662053644
180,95000000000005;;;28,482895096713946
181;945
181,02000000000004;;;27,085699439068414
181,09000000000003;;;25,74730589881893
181,16000000000003;;;24,465795650611334
181,23000000000002;;;23,239282132731603
181,30000000000004;;;22,065912221964304
181,37000000000003;;;20,943867288178687
181,44000000000003;;;19,871364132340243
181,51000000000005;;;18,846655811759767
181,58000000000004;;;17,868032356489625
181,65000000000003;;;16,933821380858053
181,72000000000003;;;16,04238859419738
181,79000000000002;;;15,192138214871777
181,86;;;14,381513291745694
181,93000000000004;;;13,608995937254953
182;906
183;790
184;724
185;699
186;606
187;586
188;600
189;565
190;569
191;533
192;586
193;591
194;513
195;544
196;565
197;562
198;517
199;541
200;614
201;626
202;548
203;545
204;557
205;558
206;538
207;521
208;535
209;588
210;547
211;520
212;523
213;456
214;466
215;425
216;422
217;402
218;415
219;434
220;457
221;455
222;446
223;537
224;513
225;560
226;560
227;564
228;580
229;594
230;570
231;612
232;587
233;631
234;620
235;620
236;534
237;521
238;535
239;540
240;510
241;489
242;491
243;471
244;548
245;517
246;523
247;567
248;625
249;602
250;609
251;709
252;699
253;668
254;638
255;652
256;645
257;635
258;607
259;557
260;554
261;521
262;498
263;444
264;386
265;462
266;391
267;411
268;392
269;439
270;403
271;446
272;448
273;520
274;483
275;568
276;675
277;658
278;789
279;812
280;937
281;994
282;969
283;1077
284;1188
285;1198
286;1202
287;1187
288;1156
289;1150
290;1127
291;1058
292;1042
293;933
294;866
295;843
296;707
297;658
298;568
299;526
300;471
301;414
302;376
303;333
304;344
305;287
306;312
307;297
308;288
309;257
310;290
311;260
312;271
313;257
314;263
315;256
316;278
317;262
318;262
319;264
320;252
321;235
322;301
323;232
324;263
325;269
326;268
327;250
328;233
329;238
330;275
331;266
332;255
333;215
334;252
335;238
336;243
337;268
338;234
339;248
340;261
341;246
342;247
343;276
344;279
345;263
346;278
347;301
348;287
349;308
350;333
351;342
352;352
353;309
354;302
355;352
356;329
357;287
358;287
359;261
360;273
361;267
362;252
363;269
364;235
365;253
366;242
367;199
368;194
369;232
370;214
371;228
372;218
373;207
374;223
375;209
376;234
377;193
378;213
379;219
380;221
381;186
382;186
383;181
384;225
385;203
386;193
387;190
388;163
389;162
390;179
391;168
392;151
393;159
394;147
395;146
396;179
397;126
398;172
399;171
400;162
401;164
402;156
403;156
404;155
405;195
406;158
407;187
408;162
409;134
410;161
411;152
412;162
413;170
414;171
415;187
416;175
417;181
418;171
419;182
420;206
421;197
422;219
423;213
424;242
425;242
426;274
427;284
428;308
429;307
430;330
431;357
432;375
433;364
434;434
435;394
436;425
437;449
438;402
439;423
440;403
441;392
442;379
443;366
444;389
445;346
446;336
447;345
448;304
449;295
450;281
451;273
452;277
453;283
454;239
455;254
456;253
457;270
458;291
459;312
460;311
461;314
462;348
463;291
464;290
465;298
466;287
467;275
468;311
469;262
470;255
471;252
472;215
473;193
474;209
475;164
476;178
477;142
478;146
479;126
480;117
481;77
482;94
483;91
484;77
485;82
486;64
487;69
488;64
489;60
490;49
491;71
492;59
493;49
494;47
495;53
496;51
497;69
498;53
499;49
500;55
501;56
502;57
503;58
504;56
505;55
506;62
507;72
508;71
509;55
510;58
511;52
512;67
513;69
514;74
515;54
516;67
517;69
518;72
519;61
520;75
521;62
522;63
523;66
524;55
525;56
526;71
527;53
528;44
529;59
530;52
531;75
532;52
533;69
534;64
535;62
536;52
537;55
538;51
539;56
540;59
541;66
542;46
543;46
544;62
545;56
546;42
547;61
548;58
549;65
550;66
551;42
552;51
553;48
554;51
555;42
556;57
557;55
558;36
559;51
560;69
561;50
562;54
563;54
564;43
565;54
566;55
567;42
568;58
569;42
570;52
571;52
572;45
573;46
574;44
575;50
576;50
577;56
578;58
579;45
580;52
581;50
582;49
583;49
584;50
585;59
586;49
587;43
588;42
589;37
590;50
591;43
592;53
593;61
594;50
595;55
596;50
597;57
598;56
599;50
600;56
601;47
602;51
603;32
604;56
605;45
606;43
607;41
608;46
609;71
610;41
611;41
612;41
613;40
614;48
615;54
616;37
617;51
618;41
619;38
620;44
621;43
622;39
623;41
624;44
625;47
626;36
627;43
628;41
629;34
630;40
631;34
632;39
633;42
634;24
635;47
636;32
637;26
638;46
639;34
640;35
641;34
642;36
643;51
644;40
645;35
646;43
647;38
648;49
649;35
650;38
651;37
652;33
653;43
654;30
655;44
656;37
657;34
658;35
659;26
660;37
661;32
662;33
663;35
664;48
665;46
666;35
667;33
668;33
669;28
670;36
671;35
672;40
673;40
674;48
675;44
676;37
677;41
678;37
679;45
680;28
681;55
682;36
683;48
684;48
685;45
686;47
687;38
688;51
689;46
690;43
691;49
692;59
693;56
694;46
695;43
696;40
697;39
698;41
699;42
700;43
701;41
702;31
703;40
704;38
705;31
706;29
707;41
708;41
709;37
710;44
711;46
712;41
713;33
714;44
715;25
716;37
717;37
718;46
719;54
720;37
721;41
722;39
723;43
724;62
725;52
726;51
727;58
728;58
729;68
730;54
731;61
732;66
733;96
734;80
735;73
736;94
737;94
738;84
739;96
740;98
741;104
742;104
743;104
744;123
745;110
746;90
747;116
748;106
749;105
750;90
751;100
752;100
753;93
754;87
755;92
756;84
757;90
758;76
759;86
760;77
761;59
762;59
763;60
764;66
765;66
766;63
767;66
768;60
769;59
770;58
771;61
772;44
773;40
774;50
775;36
776;39
777;38
778;48
779;38
780;41
781;39
782;32
783;48
784;42
785;30
786;37
787;30
788;36
789;30
790;26
791;30
792;35
793;33
794;20
795;32
796;34
797;19
798;27
799;27
800;39
801;34
802;34
803;41
804;20
805;28
806;22
807;29
808;43
809;37
810;31
811;29
812;29
813;31
814;35
815;42
816;43
817;30
818;36
819;30
820;34
821;34
822;28
823;29
824;30
825;30
826;32
827;29
828;34
829;32
830;27
831;30
832;26
833;36
834;26
835;26
836;17
837;35
838;20
839;20
840;30
841;25
842;25
843;19
844;33
845;32
846;30
847;29
848;26
849;56
850;37
851;36
852;31
853;38
854;29
855;37
856;28
857;24
858;29
859;31
860;40
861;27
862;15
863;38
864;32
865;31
866;34
867;30
868;34
869;28
870;31
871;26
872;30
873;31
874;16
875;34
876;35
877;37
878;31
879;36
880;31
881;22
882;45
883;38
884;38
885;23
886;40
887;23
888;24
889;29
890;32
891;25
892;26
893;26
894;28
895;28
896;25
897;30
898;24
899;35
900;32
901;19
902;36
903;25
904;35
905;37
906;32
907;43
908;26
909;30
910;38
911;27
912;21
913;33
914;35
915;29
916;22
917;26
918;38
919;27
920;26
921;33
922;33
923;31
924;28
925;32
926;23
927;29
928;21
929;18
930;30
931;28
932;25
933;26
934;27
935;22
936;31
937;25
938;28
939;27
940;34
941;36
942;34
943;17
944;32
945;29
946;32
947;30
948;30
949;33
950;36
951;22
952;34
953;24
954;30
955;40
956;29
957;21
958;38
959;44
960;36
961;43
962;34
963;42
964;46
965;40
966;46
967;48
968;41
969;41
970;44
971;48
972;45
973;52
974;43
975;57
976;45
977;41
978;48
979;59
980;52
981;81
982;48
983;35
984;46
985;42
986;47
987;52
988;52
989;51
990;47
991;50
992;46
993;62
994;41
995;52
996;49
997;46
998;39
999;45
1000;36
1001;30
1002;43
1003;40
1004;39
1005;39
1006;54
1007;42
1008;46
1009;30
1010;34
1011;36
1012;36
1013;45
1014;44
1015;40
1016;30
1017;31
1018;29
1019;36
1020;28
1021;35
1022;29
1023;32
1024;33
1025;41
1026;36
1027;35
1028;37
1029;38
1030;34
1031;34
1032;31
1033;36
1034;35
1035;37
1036;37
1037;37
1038;36
1039;31
1040;37
1041;34
1042;31
1043;38
1044;41
1045;25
1046;35
1047;40
1048;42
1049;36
1050;37
1051;29
1052;41
1053;34
1054;30
1055;40
1056;36
1057;37
1058;34
1059;26
1060;28
1061;32
1062;33
1063;31
1064;37
1065;28
1066;37
1067;38
1068;42
1069;39
1070;24
1071;36
1072;28
1073;39
1074;32
1075;32
1076;37
1077;41
1078;35
1079;36
1080;38
1081;48
1082;35
1083;32
1084;33
1085;29
1086;33
1087;44
1088;28
1089;34
1090;24
1091;31
1092;24
1093;21
1094;23
1095;34
1096;21
1097;28
1098;24
1099;20
1100;19
1101;19
1102;28
1103;18
1104;12
1105;20
1106;26
1107;14
1108;20
1109;20
1110;10
1111;14
1112;18
1113;16
1114;11
1115;20
1116;13
1117;16
1118;15
1119;17
1120;10
1121;13
1122;13
1123;15
1124;11
1125;8
1126;6
1127;11
1128;7
1129;13
1130;4
1131;15
1132;10
1133;6
1134;7
1135;6
1136;6
1137;9
1138;9
1139;9
1140;8
1141;7
1142;4
1143;6
1144;8
1145;5
1146;5
1147;9
1148;8
1149;4
1150;3
1151;6
1152;5
1153;4
1154;5
1155;0
1156;6
1157;6
1158;5
1159;7
1160;6
1161;7
1162;4
1163;6
1164;7
1165;5
1166;9
1167;9
1168;3
1169;7
1170;11
1171;8
1172;4
1173;4
1174;9
1175;11
1176;12
1177;14
1178;13
1179;16
1180;23
1181;14
1182;27
1183;20
1184;20
1185;29
1186;34
1187;29
1188;18
1189;40
1190;48
1191;29
1192;39
1193;47
1194;47
1195;40
1196;39
1197;48
1198;41
1199;46
1200;59
1201;68
1202;46
1203;55
1204;47
1205;57
1206;57
1207;61
1208;56
1209;62
1210;54
1211;57
1212;65
1213;58
1214;55
1215;47
1216;50
1217;41
1218;52
1219;44
1220;43
1221;44
1222;43
1223;26
1224;35
1225;20
1226;22
1227;23
1228;22
1229;29
1230;16
1231;15
1232;22
1233;19
1234;12
1235;22
1236;14
1237;6
1238;12
1239;9
1240;6
1241;6
1242;6
1243;5
1244;5
1245;5
1246;6
1247;3
1248;3
1249;2
1250;4
1251;4
1252;1
1253;4
1254;4
1255;0
1256;0
1257;1
1258;0
1259;3
1260;2
1261;1
1262;0
1263;1
1264;0
1265;0
1266;1
1267;3
1268;2
1269;0
1270;1
1271;0
1272;0
1273;1
1274;0
1275;1
1276;0
1277;0
1278;1
1279;0
1280;1
1281;0
1282;1
1283;0
1284;1
1285;1
1286;0
1287;1
1288;0
1289;1
1290;0
1291;1
1292;1
1293;2
1294;1
1295;0
1296;2
1297;0
1298;2
1299;0
1300;1
1301;0
1302;0
1303;0
1304;1
1305;0
1306;1
1307;1
1308;0
1309;0
1310;0
1311;2
1312;0
1313;1
1314;0
1315;1
1316;0
1317;0
1318;1
1319;0
1320;0
1321;2
1322;0
1323;0
1324;0
1325;0
1326;2
1327;0
1328;0
1329;0
1330;2
1331;0
1332;1
1333;2
1334;0
1335;0
1336;0
1337;0
1338;0
1339;0
1340;0
1341;2
1342;0
1343;0
1344;1
1345;0
1346;0
1347;1
1348;2
1349;1
1350;0
1351;2
1352;0
1353;0
1354;0
1355;1
1356;1
1357;0
1358;0
1359;0
1360;1
1361;0
1362;0
1363;0
1364;1
1365;1
1366;1
1367;0
1368;0
1369;0
1370;0
1371;1
1372;2
1373;1
1374;1
1375;1
1376;1
1377;1
1378;1
1379;3
1380;0
1381;0
1382;0
1383;0
1384;0
1385;0
1386;0
1387;0
1388;0
1389;0
1390;1
1391;1
1392;0
1393;0
1394;0
1395;1
1396;3
1397;0
1398;0
1399;0
1400;1
1401;0
1402;0
1403;0
1404;0
1405;0
1406;1
1407;0
1408;0
1409;0
1410;0
1411;0
1412;1
1413;0
1414;2
1415;1
1416;0
1417;1
1418;0
1419;0
1420;0
1421;0
1422;1
1423;0
1424;0
1425;1
1426;0
1427;0
1428;0
1429;0
1430;0
1431;0
1432;1
1433;1
1434;1
1435;0
1436;0
1437;0
1438;1
1439;0
1440;0
1441;1
1442;0
1443;1
1444;1
1445;0
1446;0
1447;0
1448;0
1449;0
1450;0
1451;0
1452;0
1453;0
1454;2
1455;1
1456;0
1457;0
1458;0
1459;1
1460;0
1461;0
1462;0
1463;0
1464;2
1465;1
1466;0
1467;0
1468;0
1469;0
1470;0
1471;0
1472;0
1473;0
1474;0
1475;0
1476;1
1477;0
1478;0
1479;0
1480;1
1481;0
1482;0
1483;2
1484;0
1485;2
1486;0
1487;1
1488;0
1489;1
1490;0
1491;0
1492;1
1493;0
1494;0
1495;0
1496;0
1497;1
1498;0
1499;0
1500;0
1501;0
1502;1
1503;0
1504;0
1505;0
1506;1
1507;0
1508;1
1509;0
1510;0
1511;0
1512;1
1513;0
1514;0
1515;0
1516;1
1517;0
1518;0
1519;0
1520;0
1521;0
1522;0
1523;0
1524;0
1525;0
1526;1
1527;0
1528;0
1529;0
1530;2
1531;1
1532;0
1533;0
1534;0
1535;0
1536;0
1537;0
1538;1
1539;0
1540;0
1541;0
1542;0
1543;0
1544;0
1545;0
1546;0
1547;0
1548;0
1549;0
1550;0
1551;0
1552;1
1553;0
1554;0
1555;1
1556;0
1557;0
1558;0
1559;0
1560;0
1561;0
1562;0
1563;0
1564;1
1565;0
1566;0
1567;0
1568;1
1569;1
1570;1
1571;0
1572;0
1573;0
1574;0
1575;0
1576;0
1577;0
1578;0
1579;0
1580;0
1581;0
1582;0
1583;1
1584;0
1585;3
1586;0
1587;0
1588;0
1589;0
1590;0
1591;0
1592;0
1593;0
1594;1
1595;0
1596;0
1597;0
1598;0
1599;0
1600;0
1601;0
1602;0
1603;0
1604;0
1605;0
1606;0
1607;0
1608;0
1609;0
1610;0
1611;0
1612;1
1613;0
1614;0
1615;1
1616;0
1617;0
1618;1
1619;0
1620;0
1621;0
1622;1
1623;0
1624;0
1625;0
1626;0
1627;0
1628;0
1629;0
1630;0
1631;1
1632;0
1633;0
1634;0
1635;0
1636;0
1637;0
1638;1
1639;0
1640;0
1641;0
1642;0
1643;0
1644;0
1645;1
1646;0
1647;0
1648;0
1649;1
1650;0
1651;0
1652;0
1653;1
1654;0
1655;0
1656;0
1657;1
1658;1
1659;0
1660;0
1661;0
1662;0
1663;0
1664;0
1665;0
1666;0
1667;0
1668;1
1669;0
1670;0
1671;0
1672;0
1673;1
1674;0
1675;0
1676;0
1677;0
1678;0
1679;0
1680;0
1681;0
1682;0
1683;0
1684;0
1685;0
1686;0
1687;0
1688;0
1689;1
1690;0
1691;0
1692;1
1693;0
1694;0
1695;0
1696;0
1697;0
1698;0
1699;0
1700;1
1701;0
1702;0
1703;0
1704;1
1705;0
1706;0
1707;1
1708;0
1709;0
1710;0
1711;0
1712;1
1713;0
1714;0
1715;0
1716;1
1717;0
1718;0
1719;0
1720;0
1721;0
1722;1
1723;0
1724;0
1725;1
1726;1
1727;0
1728;1
1729;0
1730;0
1731;0
1732;0
1733;0
1734;1
1735;0
1736;0
1737;0
1738;0
1739;0
1740;0
1741;1
1742;0
1743;0
1744;0
1745;0
1746;0
1747;0
1748;0
1749;0
1750;0
1751;0
1752;0
1753;0
1754;0
1755;0
1756;1
1757;0
1758;2
1759;0
1760;0
1761;1
1762;0
1763;0
1764;1
1765;0
1766;0
1767;0
1768;2
1769;0
1770;0
1771;0
1772;0
1773;0
1774;0
1775;0
1776;0
1777;0
1778;0
1779;0
1780;1
1781;0
1782;1
1783;0
1784;0
1785;0
1786;0
1787;0
1788;0
1789;1
1790;0
1791;0
1792;0
1793;0
1794;0
1795;0
1796;0
1797;0
1798;0
1799;1
1800;0
1801;0
1802;0
1803;0
1804;1
1805;1
1806;0
1807;0
1808;0
1809;0
1810;0
1811;0
1812;0
1813;1
1814;1
1815;0
1816;0
1817;0
1818;0
1819;0
1820;0
1821;0
1822;0
1823;0
1824;0
1825;0
1826;0
1827;0
1828;0
1829;0
1830;1
1831;0
1832;0
1833;0
1834;0
1835;1
1836;0
1837;0
1838;0
1839;0
1840;0
1841;0
1842;0
1843;0
1844;0
1845;0
1846;1
1847;0
1848;1
1849;1
1850;0
1851;0
1852;0
1853;0
1854;0
1855;0
1856;0
1857;0
1858;0
1859;0
1860;0
1861;0
1862;0
1863;1
1864;0
1865;0
1866;0
1867;0
1868;1
1869;0
1870;0
1871;0
1872;0
1873;0
1874;0
1875;0
1876;0
1877;0
1878;0
1879;0
1880;0
1881;0
1882;0
1883;0
1884;0
1885;0
1886;0
1887;1
1888;1
1889;0
1890;1
1891;1
1892;0
1893;1
1894;0
1895;0
1896;0
1897;1
1898;1
1899;0
1900;0
1901;0
1902;0
1903;0
1904;1
1905;0
1906;0
1907;0
1908;0
1909;0
1910;0
1911;0
1912;0
1913;0
1914;0
1915;0
1916;0
1917;0
1918;1
1919;0
1920;0
1921;0
1922;0
1923;1
1924;0
1925;2
1926;1
1927;1
1928;0
1929;0
1930;0
1931;0
1932;0
1933;0
1934;0
1935;0
1936;1
1937;0
1938;0
1939;0
1940;0
1941;1
1942;0
1943;0
1944;0
1945;0
1946;0
1947;0
1948;0
1949;0
1950;0
1951;0
1952;0
1953;1
1954;0
1955;1
1956;0
1957;0
1958;0
1959;0
1960;0
1961;0
1962;0
1963;0
1964;0
1965;0
1966;0
1967;0
1968;0
1969;1
1970;1
1971;0
1972;0
1973;0
1974;0
1975;0
1976;0
1977;0
1978;0
1979;0
1980;1
1981;1
1982;1
1983;0
1984;0
1985;0
1986;0
1987;0
1988;0
1989;0
1990;0
1991;0
1992;1
1993;0
1994;0
1995;0
1996;0
1997;0
1998;0
1999;0
2000;0
2001;1
2002;0
2003;0
2004;0
2005;0
2006;0
2007;0
2008;0
2009;1
2010;0
2011;0
2012;0
2013;0
2014;1
2015;0
2016;0
2017;0
2018;0
2019;0
2020;0
2021;0
2022;0
2023;0
2024;0
2025;0
2026;0
2027;1
2028;0
2029;0
2030;0
2031;0
2032;0
2033;0
2034;0
2035;0
2036;0
2037;0
2038;0
2039;0
2040;0
2041;0
2042;0
2043;0
2044;1
2045;0
2046;0
2047;645